{
  "results": [
    {
      "model_name": "logistic_regression",
      "model_type": "single",
      "best_params": {
        "C": 0.1,
        "max_iter": 1000,
        "solver": "lbfgs"
      },
      "cv_metrics": {
        "accuracy": 0.6071433746287039,
        "precision": 0.0,
        "recall": 0.0,
        "f1_score": 0.0,
        "auc_roc": 0.0,
        "confusion_matrix": [],
        "training_time": 0.0
      },
      "cv_std": {
        "accuracy": 0.0019133959234222293
      },
      "val_metrics": {
        "accuracy": 0.6086956521739131,
        "precision": 0.6086956521739131,
        "recall": 1.0,
        "f1_score": 0.7567567567567568,
        "auc_roc": 0.6235119047619048,
        "confusion_matrix": [
          [
            0,
            36
          ],
          [
            0,
            56
          ]
        ],
        "training_time": 0.0
      },
      "test_metrics": {
        "accuracy": 0.6054054054054054,
        "precision": 0.6054054054054054,
        "recall": 1.0,
        "f1_score": 0.7542087542087542,
        "auc_roc": 0.5170009784735812,
        "confusion_matrix": [
          [
            0,
            73
          ],
          [
            0,
            112
          ]
        ],
        "training_time": 4.1550633907318115
      }
    },
    {
      "model_name": "knn",
      "model_type": "single",
      "best_params": {
        "metric": "manhattan",
        "n_neighbors": 11,
        "weights": "distance"
      },
      "cv_metrics": {
        "accuracy": 0.6304499021951749,
        "precision": 0.0,
        "recall": 0.0,
        "f1_score": 0.0,
        "auc_roc": 0.0,
        "confusion_matrix": [],
        "training_time": 0.0
      },
      "cv_std": {
        "accuracy": 0.008936145185930612
      },
      "val_metrics": {
        "accuracy": 0.7391304347826086,
        "precision": 0.7285714285714285,
        "recall": 0.9107142857142857,
        "f1_score": 0.8095238095238095,
        "auc_roc": 0.7341269841269841,
        "confusion_matrix": [
          [
            17,
            19
          ],
          [
            5,
            51
          ]
        ],
        "training_time": 0.0
      },
      "test_metrics": {
        "accuracy": 0.6324324324324324,
        "precision": 0.6746031746031746,
        "recall": 0.7589285714285714,
        "f1_score": 0.7142857142857143,
        "auc_roc": 0.660591976516634,
        "confusion_matrix": [
          [
            32,
            41
          ],
          [
            27,
            85
          ]
        ],
        "training_time": 0.14764070510864258
      }
    }
  ],
  "ranking": {
    "val_accuracy": [
      "knn",
      "logistic_regression"
    ],
    "test_accuracy": [
      "knn",
      "logistic_regression"
    ],
    "test_f1": [
      "logistic_regression",
      "knn"
    ]
  }
}