{
  "results": [
    {
      "model_name": "random_forest",
      "model_type": "single",
      "best_params": {
        "max_depth": null,
        "min_samples_leaf": 4,
        "min_samples_split": 2,
        "n_estimators": 50
      },
      "cv_metrics": {
        "accuracy": 0.6676962209302325,
        "precision": 0.0,
        "recall": 0.0,
        "f1_score": 0.0,
        "auc_roc": 0.0,
        "confusion_matrix": [],
        "training_time": 0.0
      },
      "cv_std": {
        "accuracy": 0.04203590256886201
      },
      "cv_fold_metrics": {
        "accuracy": [
          0.6046511627906976,
          0.6589147286821705,
          0.6744186046511628,
          0.7364341085271318,
          0.6640625
        ],
        "precision": [
          0.6046511627906976,
          0.6589147286821705,
          0.6744186046511628,
          0.7364341085271318,
          0.6640625
        ],
        "recall": [
          0.6046511627906976,
          0.6589147286821705,
          0.6744186046511628,
          0.7364341085271318,
          0.6640625
        ],
        "f1_score": [
          0.6046511627906976,
          0.6589147286821705,
          0.6744186046511628,
          0.7364341085271318,
          0.6640625
        ],
        "training_time": [
          0.0,
          0.0,
          0.0,
          0.0,
          0.0
        ]
      },
      "val_metrics": {
        "accuracy": 0.717391304347826,
        "precision": 0.7027027027027027,
        "recall": 0.9285714285714286,
        "f1_score": 0.8,
        "auc_roc": 0.7440476190476191,
        "confusion_matrix": [
          [
            14,
            22
          ],
          [
            4,
            52
          ]
        ],
        "training_time": 0.0
      },
      "test_metrics": {
        "accuracy": 0.6486486486486487,
        "precision": 0.6793893129770993,
        "recall": 0.7946428571428571,
        "f1_score": 0.7325102880658436,
        "auc_roc": 0.6817514677103719,
        "confusion_matrix": [
          [
            31,
            42
          ],
          [
            23,
            89
          ]
        ],
        "training_time": 103.3302230834961
      }
    },
    {
      "model_name": "gradient_boosting",
      "model_type": "single",
      "best_params": {
        "learning_rate": 0.01,
        "max_depth": 7,
        "n_estimators": 50
      },
      "cv_metrics": {
        "accuracy": 0.6474927325581395,
        "precision": 0.0,
        "recall": 0.0,
        "f1_score": 0.0,
        "auc_roc": 0.0,
        "confusion_matrix": [],
        "training_time": 0.0
      },
      "cv_std": {
        "accuracy": 0.03643952810230001
      },
      "cv_fold_metrics": {
        "accuracy": [
          0.6589147286821705,
          0.7131782945736435,
          0.6124031007751938,
          0.6201550387596899,
          0.6328125
        ],
        "precision": [
          0.6589147286821705,
          0.7131782945736435,
          0.6124031007751938,
          0.6201550387596899,
          0.6328125
        ],
        "recall": [
          0.6589147286821705,
          0.7131782945736435,
          0.6124031007751938,
          0.6201550387596899,
          0.6328125
        ],
        "f1_score": [
          0.6589147286821705,
          0.7131782945736435,
          0.6124031007751938,
          0.6201550387596899,
          0.6328125
        ],
        "training_time": [
          0.0,
          0.0,
          0.0,
          0.0,
          0.0
        ]
      },
      "val_metrics": {
        "accuracy": 0.6956521739130435,
        "precision": 0.6842105263157895,
        "recall": 0.9285714285714286,
        "f1_score": 0.7878787878787878,
        "auc_roc": 0.7437996031746031,
        "confusion_matrix": [
          [
            12,
            24
          ],
          [
            4,
            52
          ]
        ],
        "training_time": 0.0
      },
      "test_metrics": {
        "accuracy": 0.6594594594594595,
        "precision": 0.6689655172413793,
        "recall": 0.8660714285714286,
        "f1_score": 0.754863813229572,
        "auc_roc": 0.6811399217221136,
        "confusion_matrix": [
          [
            25,
            48
          ],
          [
            15,
            97
          ]
        ],
        "training_time": 57.70450782775879
      }
    },
    {
      "model_name": "svm",
      "model_type": "single",
      "best_params": {
        "C": 10,
        "gamma": "scale",
        "kernel": "rbf"
      },
      "cv_metrics": {
        "accuracy": 0.6661942829457363,
        "precision": 0.0,
        "recall": 0.0,
        "f1_score": 0.0,
        "auc_roc": 0.0,
        "confusion_matrix": [],
        "training_time": 0.0
      },
      "cv_std": {
        "accuracy": 0.04515286185365448
      },
      "cv_fold_metrics": {
        "accuracy": [
          0.5813953488372093,
          0.7054263565891473,
          0.6589147286821705,
          0.689922480620155,
          0.6953125
        ],
        "precision": [
          0.5813953488372093,
          0.7054263565891473,
          0.6589147286821705,
          0.689922480620155,
          0.6953125
        ],
        "recall": [
          0.5813953488372093,
          0.7054263565891473,
          0.6589147286821705,
          0.689922480620155,
          0.6953125
        ],
        "f1_score": [
          0.5813953488372093,
          0.7054263565891473,
          0.6589147286821705,
          0.689922480620155,
          0.6953125
        ],
        "training_time": [
          0.0,
          0.0,
          0.0,
          0.0,
          0.0
        ]
      },
      "val_metrics": {
        "accuracy": 0.717391304347826,
        "precision": 0.6973684210526315,
        "recall": 0.9464285714285714,
        "f1_score": 0.803030303030303,
        "auc_roc": 0.7435515873015873,
        "confusion_matrix": [
          [
            13,
            23
          ],
          [
            3,
            53
          ]
        ],
        "training_time": 0.0
      },
      "test_metrics": {
        "accuracy": 0.6918918918918919,
        "precision": 0.697841726618705,
        "recall": 0.8660714285714286,
        "f1_score": 0.7729083665338645,
        "auc_roc": 0.7019324853228963,
        "confusion_matrix": [
          [
            31,
            42
          ],
          [
            15,
            97
          ]
        ],
        "training_time": 1.833066701889038
      }
    },
    {
      "model_name": "knn",
      "model_type": "single",
      "best_params": {
        "metric": "euclidean",
        "n_neighbors": 3,
        "weights": "uniform"
      },
      "cv_metrics": {
        "accuracy": 0.6522165697674419,
        "precision": 0.0,
        "recall": 0.0,
        "f1_score": 0.0,
        "auc_roc": 0.0,
        "confusion_matrix": [],
        "training_time": 0.0
      },
      "cv_std": {
        "accuracy": 0.02558085624945814
      },
      "cv_fold_metrics": {
        "accuracy": [
          0.6511627906976745,
          0.6589147286821705,
          0.6046511627906976,
          0.6666666666666666,
          0.6796875
        ],
        "precision": [
          0.6511627906976745,
          0.6589147286821705,
          0.6046511627906976,
          0.6666666666666666,
          0.6796875
        ],
        "recall": [
          0.6511627906976745,
          0.6589147286821705,
          0.6046511627906976,
          0.6666666666666666,
          0.6796875
        ],
        "f1_score": [
          0.6511627906976745,
          0.6589147286821705,
          0.6046511627906976,
          0.6666666666666666,
          0.6796875
        ],
        "training_time": [
          0.0,
          0.0,
          0.0,
          0.0,
          0.0
        ]
      },
      "val_metrics": {
        "accuracy": 0.7065217391304348,
        "precision": 0.7457627118644068,
        "recall": 0.7857142857142857,
        "f1_score": 0.7652173913043478,