{
  "results": [
    {
      "model_name": "random_forest",
      "model_type": "single",
      "best_params": {
        "max_depth": 15,
        "min_samples_leaf": 2,
        "min_samples_split": 10,
        "n_estimators": 200
      },
      "cv_metrics": {
        "accuracy": 0.672359496124031,
        "precision": 0.0,
        "recall": 0.0,
        "f1_score": 0.0,
        "auc_roc": 0.0,
        "confusion_matrix": [],
        "training_time": 0.0
      },
      "cv_std": {
        "accuracy": 0.045035341611014704
      },
      "cv_fold_metrics": {
        "accuracy": [
          0.5968992248062015,
          0.689922480620155,
          0.6666666666666666,
          0.7364341085271318,
          0.671875
        ],
        "precision": [
          0.5968992248062015,
          0.689922480620155,
          0.6666666666666666,
          0.7364341085271318,
          0.671875
        ],
        "recall": [
          0.5968992248062015,
          0.689922480620155,
          0.6666666666666666,
          0.7364341085271318,
          0.671875
        ],
        "f1_score": [
          0.5968992248062015,
          0.689922480620155,
          0.6666666666666666,
          0.7364341085271318,
          0.671875
        ],
        "training_time": [
          0.0,
          0.0,
          0.0,
          0.0,
          0.0
        ]
      },
      "val_metrics": {
        "accuracy": 0.717391304347826,
        "precision": 0.7083333333333334,
        "recall": 0.9107142857142857,
        "f1_score": 0.796875,
        "auc_roc": 0.7529761904761905,
        "confusion_matrix": [
          [
            15,
            21
          ],
          [
            5,
            51
          ]
        ],
        "training_time": 0.0
      },
      "test_metrics": {
        "accuracy": 0.6702702702702703,
        "precision": 0.6976744186046512,
        "recall": 0.8035714285714286,
        "f1_score": 0.7468879668049793,
        "auc_roc": 0.7018101761252447,
        "confusion_matrix": [
          [
            34,
            39
          ],
          [
            22,
            90
          ]
        ],
        "training_time": 91.66826868057251
      }
    },
    {
      "model_name": "gradient_boosting",
      "model_type": "single",
      "best_params": {
        "learning_rate": 0.01,
        "max_depth": 5,
        "n_estimators": 200
      },
      "cv_metrics": {
        "accuracy": 0.6553294573643411,
        "precision": 0.0,
        "recall": 0.0,
        "f1_score": 0.0,
        "auc_roc": 0.0,
        "confusion_matrix": [],
        "training_time": 0.0
      },
      "cv_std": {
        "accuracy": 0.04281542440842553
      },
      "cv_fold_metrics": {
        "accuracy": [
          0.5736434108527132,
          0.6821705426356589,
          0.6511627906976745,
          0.6821705426356589,
          0.6875
        ],
        "precision": [
          0.5736434108527132,
          0.6821705426356589,
          0.6511627906976745,
          0.6821705426356589,
          0.6875
        ],
        "recall": [
          0.5736434108527132,
          0.6821705426356589,
          0.6511627906976745,
          0.6821705426356589,
          0.6875
        ],
        "f1_score": [
          0.5736434108527132,
          0.6821705426356589,
          0.6511627906976745,
          0.6821705426356589,
          0.6875
        ],
        "training_time": [
          0.0,
          0.0,
          0.0,
          0.0,
          0.0
        ]
      },
      "val_metrics": {
        "accuracy": 0.7608695652173914,
        "precision": 0.7297297297297297,
        "recall": 0.9642857142857143,
        "f1_score": 0.8307692307692308,
        "auc_roc": 0.751984126984127,
        "confusion_matrix": [
          [
            16,
            20
          ],
          [
            2,
            54
          ]
        ],
        "training_time": 0.0
      },
      "test_metrics": {
        "accuracy": 0.6594594594594595,
        "precision": 0.6870229007633588,
        "recall": 0.8035714285714286,
        "f1_score": 0.7407407407407407,
        "auc_roc": 0.7174045988258317,
        "confusion_matrix": [
          [
            32,
            41
          ],
          [
            22,
            90
          ]
        ],
        "training_time": 53.14660978317261
      }
    },
    {
      "model_name": "svm",
      "model_type": "single",
      "best_params": {
        "C": 10,
        "gamma": "scale",
        "kernel": "rbf"
      },
      "cv_metrics": {
        "accuracy": 0.6568556201550388,
        "precision": 0.0,
        "recall": 0.0,
        "f1_score": 0.0,
        "auc_roc": 0.0,
        "confusion_matrix": [],
        "training_time": 0.0
      },
      "cv_std": {
        "accuracy": 0.04459115029469738
      },
      "cv_fold_metrics": {
        "accuracy": [
          0.5736434108527132,
          0.6976744186046512,
          0.6511627906976745,
          0.689922480620155,
          0.671875
        ],
        "precision": [
          0.5736434108527132,
          0.6976744186046512,
          0.6511627906976745,
          0.689922480620155,
          0.671875
        ],
        "recall": [
          0.5736434108527132,
          0.6976744186046512,
          0.6511627906976745,
          0.689922480620155,
          0.671875
        ],
        "f1_score": [
          0.5736434108527132,
          0.6976744186046512,
          0.6511627906976745,
          0.689922480620155,
          0.671875
        ],
        "training_time": [
          0.0,
          0.0,
          0.0,
          0.0,
          0.0
        ]
      },
      "val_metrics": {
        "accuracy": 0.717391304347826,
        "precision": 0.6973684210526315,
        "recall": 0.9464285714285714,
        "f1_score": 0.803030303030303,
        "auc_roc": 0.748015873015873,
        "confusion_matrix": [
          [
            13,
            23
          ],
          [
            3,
            53
          ]
        ],
        "training_time": 0.0
      },
      "test_metrics": {
        "accuracy": 0.6864864864864865,
        "precision": 0.6901408450704225,
        "recall": 0.875,
        "f1_score": 0.7716535433070866,
        "auc_roc": 0.7079256360078279,
        "confusion_matrix": [
          [
            29,
            44
          ],
          [
            14,
            98
          ]
        ],
        "training_time": 1.8227171897888184
      }
    },
    {
      "model_name": "knn",
      "model_type": "single",
      "best_params": {
        "metric": "euclidean",
        "n_neighbors": 3,
        "weights": "uniform"
      },
      "cv_metrics": {
        "accuracy": 0.655281007751938,
        "precision": 0.0,
        "recall": 0.0,
        "f1_score": 0.0,
        "auc_roc": 0.0,
        "confusion_matrix": [],
        "training_time": 0.0
      },
      "cv_std": {
        "accuracy": 0.0222034588548966
      },
      "cv_fold_metrics": {
        "accuracy": [
          0.6666666666666666,
          0.6666666666666666,
          0.6124031007751938,
          0.6744186046511628,
          0.65625
        ],
        "precision": [
          0.6666666666666666,
          0.6666666666666666,
          0.6124031007751938,
          0.6744186046511628,
          0.65625
        ],
        "recall": [
          0.6666666666666666,
          0.6666666666666666,
          0.6124031007751938,
          0.6744186046511628,
          0.65625
        ],
        "f1_score": [
          0.6666666666666666,
          0.6666666666666666,
          0.6124031007751938,
          0.6744186046511628,
          0.65625
        ],
        "training_time": [
          0.0,
          0.0,
          0.0,
          0.0,
          0.0
        ]
      },
      "val_metrics": {
        "accuracy": 0.6847826086956522,
        "precision": 0.7288135593220338,
        "recall": 0.7678571428571429,
        "f1_score": 0.7478260869565218,
        "auc_roc": 0.720734126984127,